cluster,n_clients,mean_final_score,std_final_score,min_final_score,max_final_score,initial_score,growth_rate
1,13,5.923076923076923,1.3821202589704018,3,8,0.8461538461538461,5.076923076923077
2,12,10.333333333333334,1.0730867399773196,9,12,1.3333333333333333,9.0
3,9,6.888888888888889,1.0540925533894598,6,9,1.6666666666666667,5.222222222222222
4,28,7.75,0.7993052538854533,6,10,1.1071428571428572,6.642857142857143
5,18,4.722222222222222,1.0178151661369075,3,7,1.3333333333333333,3.388888888888889
