cluster,n_clients,optimal_q,max_expected_savings
1,13,8,2.4615384615384617
2,12,7,3.75
3,9,5,4.666666666666666
4,28,8,3.2857142857142856
5,18,5,5.055555555555555
