cluster,size,q_star,e_saved_per_child,pct_saved
1,13,8,2.4615384615384617,20.512820512820515
2,12,7,3.75,31.25
3,9,5,4.666666666666666,38.888888888888886
4,28,8,3.2857142857142856,27.38095238095238
5,18,5,5.055555555555555,42.129629629629626
Total,80,,3.775,31.458333333333332
